<?xml version="1.0" encoding="utf-8" standalone="yes"?>
<rss version="2.0" xmlns:atom="http://www.w3.org/2005/Atom">
  <channel>
    <title>VS Code Extensions 활용 on AWS CI/CD Pipeline with CodeGuru</title>
    <link>/ko/tip/vscode/</link>
    <description>Recent content in VS Code Extensions 활용 on AWS CI/CD Pipeline with CodeGuru</description>
    <generator>Hugo -- gohugo.io</generator>
    <lastBuildDate>Fri, 20 Mar 2020 00:00:00 +0000</lastBuildDate>
    
	<atom:link href="/ko/tip/vscode/index.xml" rel="self" type="application/rss+xml" />
    
    
  </channel>
</rss>