<?xml version="1.0" encoding="utf-8" standalone="yes"?>
<rss version="2.0" xmlns:atom="http://www.w3.org/2005/Atom">
  <channel>
    <title>S3 스토리지 설정 on AWS CI/CD Pipeline with CodeGuru</title>
    <link>/ko/build-datalake/storage/</link>
    <description>Recent content in S3 스토리지 설정 on AWS CI/CD Pipeline with CodeGuru</description>
    <generator>Hugo -- gohugo.io</generator>
    
	<atom:link href="/ko/build-datalake/storage/index.xml" rel="self" type="application/rss+xml" />
    
    
  </channel>
</rss>