<?xml version="1.0" encoding="utf-8" standalone="yes"?>
<rss version="2.0" xmlns:atom="http://www.w3.org/2005/Atom">
  <channel>
    <title>홈 on AWS CI/CD Pipeline with CodeGuru &amp; UnitTest</title>
    <link>/</link>
    <description>Recent content in 홈 on AWS CI/CD Pipeline with CodeGuru &amp; UnitTest</description>
    <generator>Hugo -- gohugo.io</generator>
    <lastBuildDate>Thu, 05 Mar 2020 00:00:00 +0000</lastBuildDate>
    
	<atom:link href="/index.xml" rel="self" type="application/rss+xml" />
    
    
    <item>
      <title>크레딧</title>
      <link>/credits/</link>
      <pubDate>Mon, 01 Jan 0001 00:00:00 +0000</pubDate>
      
      <guid>/credits/</guid>
      <description>패키지와 라이브러리  mermaid - generation of diagram and flowchart from text in a similar manner as markdown font awesome - the iconic font and CSS framework jQuery - The Write Less, Do More, JavaScript Library lunr - Lunr enables you to provide a great search experience without the need for external, server-side, search services&amp;hellip; horsey - Progressive and customizable autocomplete component clipboard.js - copy text to clipboard highlight.js - Javascript syntax highlighter modernizr - A JavaScript toolkit that allows web developers to use new CSS3 and HTML5 features while maintaining a fine level of control over browsers that don&amp;rsquo;t support  도구  Netlify - Continuous deployement and hosting of this documentation Hugo   제작: Daniel You</description>
    </item>
    
  </channel>
</rss>