<?xml version="1.0" encoding="utf-8" standalone="yes"?>
<rss version="2.0" xmlns:atom="http://www.w3.org/2005/Atom">
  <channel>
    <title>Redshift 클러스터 IAM 역할 설정 on AWS CI/CD Pipeline with CodeGuru</title>
    <link>/ko/analytic/redshift/create-cluster-iam/</link>
    <description>Recent content in Redshift 클러스터 IAM 역할 설정 on AWS CI/CD Pipeline with CodeGuru</description>
    <generator>Hugo -- gohugo.io</generator>
    
	<atom:link href="/ko/analytic/redshift/create-cluster-iam/index.xml" rel="self" type="application/rss+xml" />
    
    
  </channel>
</rss>