<?xml version="1.0" encoding="utf-8" standalone="yes"?>
<rss version="2.0" xmlns:atom="http://www.w3.org/2005/Atom">
  <channel>
    <title>Cloud9 on AWS CI/CD Pipeline with CodeGuru &amp; UnitTest</title>
    <link>/en/cleanup/cloud9/</link>
    <description>Recent content in Cloud9 on AWS CI/CD Pipeline with CodeGuru &amp; UnitTest</description>
    <generator>Hugo -- gohugo.io</generator>
    
	<atom:link href="/en/cleanup/cloud9/index.xml" rel="self" type="application/rss+xml" />
    
    
  </channel>
</rss>