<?xml version="1.0" encoding="utf-8" standalone="yes"?>
<rss version="2.0" xmlns:atom="http://www.w3.org/2005/Atom">
  <channel>
    <title>Home on AWS CI/CD Pipeline with CodeGuru &amp; UnitTest</title>
    <link>/en/</link>
    <description>Recent content in Home on AWS CI/CD Pipeline with CodeGuru &amp; UnitTest</description>
    <generator>Hugo -- gohugo.io</generator>
    <lastBuildDate>Thu, 05 Mar 2020 00:00:00 +0000</lastBuildDate>
    
	<atom:link href="/en/index.xml" rel="self" type="application/rss+xml" />
    
    
  </channel>
</rss>