<?xml version="1.0" encoding="utf-8" standalone="yes"?>
<rss version="2.0" xmlns:atom="http://www.w3.org/2005/Atom">
  <channel>
    <title>AWS Data Lake Workshop on AWS CI/CD Pipeline with CodeGuru</title>
    <link>/en/tip/hugo/</link>
    <description>Recent content in AWS Data Lake Workshop on AWS CI/CD Pipeline with CodeGuru</description>
    <generator>Hugo -- gohugo.io</generator>
    <lastBuildDate>Thu, 05 Mar 2020 00:00:00 +0000</lastBuildDate>
    
	<atom:link href="/en/tip/hugo/index.xml" rel="self" type="application/rss+xml" />
    
    
  </channel>
</rss>