<?xml version="1.0" encoding="utf-8" standalone="yes"?>
<rss version="2.0" xmlns:atom="http://www.w3.org/2005/Atom">
  <channel>
    <title>Data Lake 구축 on AWS CI/CD Pipeline with CodeGuru</title>
    <link>/ko/build-datalake/</link>
    <description>Recent content in Data Lake 구축 on AWS CI/CD Pipeline with CodeGuru</description>
    <generator>Hugo -- gohugo.io</generator>
    
	<atom:link href="/ko/build-datalake/index.xml" rel="self" type="application/rss+xml" />
    
    
  </channel>
</rss>