<?xml version="1.0" encoding="utf-8" standalone="yes"?>
<rss version="2.0" xmlns:atom="http://www.w3.org/2005/Atom">
  <channel>
    <title>실습 환경 구성 on AWS CI/CD Pipeline with CodeGuru</title>
    <link>/lab-setup/</link>
    <description>Recent content in 실습 환경 구성 on AWS CI/CD Pipeline with CodeGuru</description>
    <generator>Hugo -- gohugo.io</generator>
    
	<atom:link href="/lab-setup/index.xml" rel="self" type="application/rss+xml" />
    
    
  </channel>
</rss>