<?xml version="1.0" encoding="utf-8" standalone="yes"?>
<rss version="2.0" xmlns:atom="http://www.w3.org/2005/Atom">
  <channel>
    <title>관리자 설정 on AWS CI/CD Pipeline with CodeGuru</title>
    <link>/ko/build-datalake/admin/</link>
    <description>Recent content in 관리자 설정 on AWS CI/CD Pipeline with CodeGuru</description>
    <generator>Hugo -- gohugo.io</generator>
    
	<atom:link href="/ko/build-datalake/admin/index.xml" rel="self" type="application/rss+xml" />
    
    
  </channel>
</rss>