<?xml version="1.0" encoding="utf-8" standalone="yes"?>
<rss version="2.0" xmlns:atom="http://www.w3.org/2005/Atom">
  <channel>
    <title>Athena를 이용한 분석 on AWS CI/CD Pipeline with CodeGuru</title>
    <link>/ko/analytic/athena/</link>
    <description>Recent content in Athena를 이용한 분석 on AWS CI/CD Pipeline with CodeGuru</description>
    <generator>Hugo -- gohugo.io</generator>
    
	<atom:link href="/ko/analytic/athena/index.xml" rel="self" type="application/rss+xml" />
    
    
  </channel>
</rss>