<?xml version="1.0" encoding="utf-8" standalone="yes"?>
<rss version="2.0" xmlns:atom="http://www.w3.org/2005/Atom">
  <channel>
    <title>홈 on AWS CI/CD Pipeline with CodeGuru &amp; UnitTest</title>
    <link>/ko/</link>
    <description>Recent content in 홈 on AWS CI/CD Pipeline with CodeGuru &amp; UnitTest</description>
    <generator>Hugo -- gohugo.io</generator>
    <lastBuildDate>Thu, 05 Mar 2020 00:00:00 +0000</lastBuildDate>
    
	<atom:link href="/ko/index.xml" rel="self" type="application/rss+xml" />
    
    
    <item>
      <title>credits</title>
      <link>/ko/credits/</link>
      <pubDate>Mon, 01 Jan 0001 00:00:00 +0000</pubDate>
      
      <guid>/ko/credits/</guid>
      <description>Sample  aws-samples   Tools  Hugo   제작: Seyong Kang</description>
    </item>
    
  </channel>
</rss>