<?xml version="1.0" encoding="utf-8" standalone="yes"?>
<rss version="2.0" xmlns:atom="http://www.w3.org/2005/Atom">
  <channel>
    <title>Lake Formation 카탈로그 보안 설정 on AWS CI/CD Pipeline with CodeGuru</title>
    <link>/ko/analytic/redshift/lake-formation-catalog/</link>
    <description>Recent content in Lake Formation 카탈로그 보안 설정 on AWS CI/CD Pipeline with CodeGuru</description>
    <generator>Hugo -- gohugo.io</generator>
    
	<atom:link href="/ko/analytic/redshift/lake-formation-catalog/index.xml" rel="self" type="application/rss+xml" />
    
    
  </channel>
</rss>