<?xml version="1.0" encoding="utf-8" standalone="yes"?>
<rss version="2.0" xmlns:atom="http://www.w3.org/2005/Atom">
  <channel>
    <title>프로그램 분석 on AWS CI/CD Pipeline with CodeGuru &amp; UnitTest</title>
    <link>/ko/codequality/</link>
    <description>Recent content in 프로그램 분석 on AWS CI/CD Pipeline with CodeGuru &amp; UnitTest</description>
    <generator>Hugo -- gohugo.io</generator>
    
	<atom:link href="/ko/codequality/index.xml" rel="self" type="application/rss+xml" />
    
    
  </channel>
</rss>